{
    "model_name": "XGBoost",
    "training_date": "2026-01-28 12:17:05",
    "best_parameters": {
        "colsample_bytree": 0.8,
        "learning_rate": 0.2,
        "max_depth": 10,
        "n_estimators": 100,
        "subsample": 1.0,
        "random_state": 42,
        "eval_metric": "logloss"
    },
    "performance_metrics": {
        "accuracy": 0.9578239608801956,
        "precision": 0.9652173913043478,
        "recall": 0.9498777506112469,
        "f1_score": 0.9574861367837338,
        "roc_auc": 0.991301313358959,
        "cv_f1_score": 0.9525861365760608
    },
    "training_time_seconds": 0.284131
}