{
    "model_name": "SVM",
    "training_date": "2025-09-17 14:12:15.398689",
    "best_parameters": {
        "C": 10.0,
        "gamma": "scale",
        "kernel": "rbf"
    },
    "performance_metrics": {
        "accuracy": 0.9003667481662592,
        "precision": 0.9443690637720489,
        "recall": 0.8508557457212714,
        "f1_score": 0.895176848874598,
        "roc_auc": 0.9533890579324611,
        "cv_f1_score": 0.8880430574260983
    },
    "training_time_seconds": 1.5237889289855957,
    "tuning_time_seconds": 22.42952275276184
}