feature,mean,std
rate,82693.60214948663,157185.09606861326
sload,74622667.28909074,173819383.0274794
sbytes,10649.77910958904,209832.16980279176
dload,1033650.29390789,2956088.285795965
proto,101.31498695368559,30.08437824735892
dtcpb,940926892.3453196,1346675608.5464585
stcpb,939065083.1139107,1344680571.2062645
dmean,148.06535388127853,275.3393923772784
tcprtt,0.027270173067514676,0.07485035966959831
dur,1.8047371990786043,8.199615599518134
