{
  "correlations": {
    "XGBoost_SHAP_vs_XGBoost_LIME": 0.8858977269881227,
    "XGBoost_SHAP_vs_RandomForest_SHAP": 0.6516493878596981,
    "XGBoost_SHAP_vs_RandomForest_LIME": 0.5899688146571637,
    "XGBoost_LIME_vs_RandomForest_SHAP": 0.3210982853682112,
    "XGBoost_LIME_vs_RandomForest_LIME": 0.7294997450112269,
    "RandomForest_SHAP_vs_RandomForest_LIME": 0.17549095116943178
  },
  "top_features": {
    "XGBoost_SHAP": {
      "top_1": "proto",
      "top_3": [
        "proto",
        "tcprtt",
        "sbytes"
      ],
      "top_5": [
        "proto",
        "tcprtt",
        "sbytes",
        "sload",
        "dload"
      ]
    },
    "XGBoost_LIME": {
      "top_1": "proto",
      "top_3": [
        "proto",
        "tcprtt",
        "sbytes"
      ],
      "top_5": [
        "proto",
        "tcprtt",
        "sbytes",
        "sload",
        "rate"
      ]
    },
    "RandomForest_SHAP": {
      "top_1": "dmean",
      "top_3": [
        "dmean",
        "sload",
        "proto"
      ],
      "top_5": [
        "dmean",
        "sload",
        "proto",
        "dload",
        "sbytes"
      ]
    },
    "RandomForest_LIME": {
      "top_1": "proto",
      "top_3": [
        "proto",
        "rate",
        "tcprtt"
      ],
      "top_5": [
        "proto",
        "rate",
        "tcprtt",
        "dur",
        "sbytes"
      ]
    }
  },
  "feature_importance_matrix": {
    "XGBoost_SHAP": [
      0.07936976608483795,
      0.07504016894592963,
      0.014378290971325876,
      0.033543386675792104,
      0.29263792028883473,
      0.054493929624053326,
      0.14380799710294098,
      0.14078391530174597,
      0.016469329012742125,
      0.1494752959917973
    ],
    "XGBoost_LIME": [
      0.0348886949886655,
      0.048698504919590206,
      0.027030300528347054,
      0.050124225889077154,
      0.43988411986459647,
      0.05072951464807756,
      0.07182814958498755,
      0.06611989733695278,
      0.04592625973679522,
      0.16477033250291054
    ],
    "RandomForest_SHAP": [
      0.12798370588501726,
      0.14431242506206418,
      0.0242638210130142,
      0.06398092456545107,
      0.12883211758200652,
      0.09389870892169028,
      0.1270042450771538,
      0.13462206173980965,
      0.042709312135588186,
      0.11239267801820498
    ],
    "RandomForest_LIME": [
      0.03532143837078279,
      0.02399233766425823,
      0.023291105028523378,
      0.14969920770207124,
      0.26424435013393976,
      0.20615990863698144,
      0.06283867503478158,
      0.061762539299888695,
      0.020388898598746954,
      0.15230153953002604
    ]
  },
  "analysis_timestamp": "2025-09-17T15:32:19.968001"
}