{
  "tier1_distributions": {
    "feature_tests": {
      "rate": {
        "ks_test": {
          "statistic": 0.427559621720183,
          "p_value": 2.169772104928567e-118,
          "pass": 