{
  "rate": 0.05072951464807756,
  "sload": 0.06611989733695278,
  "sbytes": 0.07182814958498755,
  "dload": 0.0348886949886655,
  "proto": 0.43988411986459647,
  "dtcpb": 0.027030300528347054,
  "stcpb": 0.04592625973679522,
  "dmean": 0.048698504919590206,
  "tcprtt": 0.16477033250291054,
  "dur": 0.050124225889077154
}