feature,importance
proto,0.43988411986459647
tcprtt,0.16477033250291054
sbytes,0.07182814958498755
sload,0.06611989733695278
rate,0.05072951464807756
dur,0.050124225889077154
dmean,0.048698504919590206
stcpb,0.04592625973679522
dload,0.0348886949886655
dtcpb,0.027030300528347054
