{
  "correlation": 0.8858977269881226,
  "feature_comparison": {
    "rate": {
      "lime": 0.05072951464807756,
      "shap": 0.054493929624053326,
      "difference": -0.003764414975975766
    },
    "sload": {
      "lime": 0.06611989733695278,
      "shap": 0.14078391530174597,
      "difference": -0.07466401796479319
    },
    "sbytes": {
      "lime": 0.07182814958498755,
      "shap": 0.14380799710294098,
      "difference": -0.07197984751795343
    },
    "dload": {
      "lime": 0.0348886949886655,
      "shap": 0.07936976608483795,
      "difference": -0.04448107109617245
    },
    "proto": {
      "lime": 0.43988411986459647,
      "shap": 0.29263792028883473,
      "difference": 0.14724619957576174
    },
    "dtcpb": {
      "lime": 0.027030300528347054,
      "shap": 0.014378290971325876,
      "difference": 0.012652009557021178
    },
    "stcpb": {
      "lime": 0.04592625973679522,
      "shap": 0.016469329012742125,
      "difference": 0.029456930724053094
    },
    "dmean": {
      "lime": 0.048698504919590206,
      "shap": 0.07504016894592963,
      "difference": -0.026341664026339424
    },
    "tcprtt": {
      "lime": 0.16477033250291054,
      "shap": 0.1494752959917973,
      "difference": 0.015295036511113247
    },
    "dur": {
      "lime": 0.050124225889077154,
      "shap": 0.033543386675792104,
      "difference": 0.01658083921328505
    }
  },
  "lime_top_feature": [
    "proto",
    0.43988411986459647
  ],
  "shap_top_feature": [
    "proto",
    0.29263792028883473
  ],
  "analysis_timestamp": "2025-09-17T15:25:43.782958"
}