{
    "global_feature_importance": {
        "rate": 0.4147605895996094,
        "sload": 1.0715252161026,
        "sbytes": 1.0945419073104858,
        "dload": 0.6040939092636108,
        "proto": 2.227306365966797,
        "dtcpb": 0.10943509638309479,
        "stcpb": 0.12535026669502258,
        "dmean": 0.5711407661437988,
        "tcprtt": 1.137676477432251,
        "dur": 0.25530320405960083
    },
    "top_10_features": {
        "proto": 2.227306365966797,
        "tcprtt": 1.137676477432251,
        "sbytes": 1.0945419073104858,
        "sload": 1.0715252161026,
        "dload": 0.6040939092636108,
        "dmean": 0.5711407661437988,
        "rate": 0.4147605895996094,
        "dur": 0.25530320405960083,
        "stcpb": 0.12535026669502258,
        "dtcpb": 0.10943509638309479
    },
    "analysis_timestamp": "2025-09-17 15:03:50.745071",
    "samples_analyzed": 1000,
    "total_features": 10
}