{
    "local_explanations": [
        {
            "sample_index": 361,
            "actual_label": 0,
            "predicted_label": 0,
            "dos_probability": 8.702634659130126e-05,
            "correct_prediction": true,
            "shap_values": [
                -0.6529309749603271,
                -0.8783548474311829,
                -0.9729729294776917,
                -0.8232616186141968,
                -1.0407569408416748,
                -0.14072269201278687,
                -0.07008787244558334,
                -0.9565829634666443,
                -3.588365316390991,
                -0.22545775771141052
            ],
            "feature_values": {
                "rate": -0.5293637445089466,
                "sload": -0.3554604065847382,
                "sbytes": -0.0467551218284745,
                "dload": 0.3210643286730908,
                "proto": 0.3236522387873948,
                "dtcpb": 0.8575641669384483,
                "stcpb": -0.7178466424006456,
                "dmean": -0.1484205484536385,
                "tcprtt": -0.4397090545538484,
                "dur": -0.2189314899140225
            }
        },
        {
            "sample_index": 1344,
            "actual_label": 0,
            "predicted_label": 0,
            "dos_probability": 0.15395806729793549,
            "correct_prediction": true,
            "shap_values": [
                1.0652884244918823,
                -0.3227488398551941,
                -2.236185312271118,
                0.9336643815040588,
                -0.6608876585960388,
                -0.5903100371360779,
                -0.3420909643173218,
                -0.29318609833717346,
                0.49399203062057495,
                0.24829256534576416
            ],
            "feature_values": {
                "rate": -0.5598976533534755,
                "sload": -0.364285235837052,
                "sbytes": -0.0487780234227053,
                "dload": -0.2763873781711896,
                "proto": 0.3236522387873948,
                "dtcpb": 1.8721491689810037,
                "stcpb": -0.0970605191484445,
                "dmean": -0.3002788953386734,
                "tcprtt": 0.4564094591589796,
                "dur": -0.1849020210400656
            }
        },
        {
            "sample_index": 989,
            "actual_label": 0,
            "predicted_label": 0,
            "dos_probability": 0.014946951530873775,
            "correct_prediction": true,
            "shap_values": [
                0.2535759508609772,
                -0.9939894080162048,
                -2.532331705093384,
                0.10374937206506729,
                -0.6671738028526306,
                -0.1317826360464096,
                0.02016746997833252,
                -0.2009655386209488,
                0.18506237864494324,
                -0.2247820943593979
            ],
            "feature_values": {
                "rate": -0.5601732917291731,
                "sload": -0.3643356440392724,
                "sbytes": -0.0484821840591221,
                "dload": -0.2770214553750528,
                "proto": 0.3236522387873948,
                "dtcpb": -0.4734882415798953,
                "stcpb": 1.080490605015162,
                "dmean": -0.2181933024278437,
                "tcprtt": 1.1143084490863138,
                "dur": -0.1051407611370023
            }
        },
        {
            "sample_index": 948,
            "actual_label": 0,
            "predicted_label": 0,
            "dos_probability": 0.0023050846066325903,
            "correct_prediction": true,
            "shap_values": [
                -0.8845440149307251,
                -0.6399909853935242,
                -1.0355349779129028,
                -0.39166492223739624,
                -1.8894009590148926,
                -0.02429513819515705,
                0.018998216837644577,
                -0.2357853204011917,
                -0.6847736835479736,
                -0.3036195635795593
            ],
            "feature_values": {
                "rate": 0.3362759385350079,
                "sload": -0.1477855406991726,
                "sbytes": -0.0505530596042041,
                "dload": -0.2793505039180604,
                "proto": 0.3236522387873948,
                "dtcpb": -0.7497136769054038,
                "stcpb": -0.7543840313871636,
                "dmean": -0.4849714793880402,
                "tcprtt": -0.4449658234116402,
                "dur": -0.2194958865721609
            }
        },
        {
            "sample_index": 146,
            "actual_label": 0,
            "predicted_label": 0,
            "dos_probability": 0.00018918562273029238,
            "correct_prediction": true,
            "shap_values": [
                -0.6473086476325989,
                -1.6192872524261475,
                0.15529531240463257,
                -1.7597707509994507,
                -1.313990592956543,
                -0.1915646642446518,
                0.018070029094815254,
                0.8766883015632629,
                -4.09415340423584,
                0.003144688904285431
            ],
            "feature_values": {
                "rate": -0.541057657690147,
                "sload": -0.3612239374237484,
                "sbytes": -0.0386715111100268,
                "dload": 2.4646077458555995,
                "proto": 0.3236522387873948,
                "dtcpb": 0.8734997836249395,
                "stcpb": -0.7016153263966047,
                "dmean": 2.1704974512773,
                "tcprtt": -0.4332690901332096,
                "dur": -0.2142066794991634
            }
        },
        {
            "sample_index": 900,
            "actual_label": 1,
            "predicted_label": 1,
            "dos_probability": 0.9985663294792175,
            "correct_prediction": true,
            "shap_values": [
                -0.21217641234397888,
                1.6148630380630493,
                0.9220136404037476,
                0.1194542646408081,
                4.307611465454102,
                -0.004727805964648724,
                0.018140636384487152,
                0.22330023348331451,
                -0.2591056823730469,
                -0.1836341768503189
            ],
            "feature_values": {
                "rate": 0.2366514118736998,
                "sload": 0.0634434984261709,
                "sbytes": -0.050113298388067,
                "dload": -0.2793505039180604,
                "proto": 0.5822000690105736,
                "dtcpb": -0.7497136769054038,
                "stcpb": -0.7543840313871636,
                "dmean": -0.4849714793880402,
                "tcprtt": -0.4449658234116402,
                "dur": -0.2194957428866573
            }
        },
        {
            "sample_index": 1593,
            "actual_label": 1,
            "predicted_label": 1,
            "dos_probability": 0.9994520545005798,
            "correct_prediction": true,
            "shap_values": [
                0.35949304699897766,
                0.07225070893764496,
                0.9176981449127197,
                -0.03416813164949417,
                5.98924446105957,
                -0.020057406276464462,
                0.1634591817855835,
                0.11555907875299454,
                -0.05774661526083946,
                0.0028003156185150146
            ],
            "feature_values": {
                "rate": -0.5603271862460704,
                "sload": -0.3643528442479962,
                "sbytes": -0.049313732540545,
                "dload": -0.2793505039180604,
                "proto": -1.116828529598887,
                "dtcpb": -0.7497136769054038,
                "stcpb": -0.7543840313871636,
                "dmean": -0.4849714793880402,
                "tcprtt": -0.4449658234116402,
                "dur": -0.0412399381777516
            }
        },
        {
            "sample_index": 1267,
            "actual_label": 1,