{
    "model_name": "Random Forest",
    "training_date": "2025-09-22 21:07:44.573017",
    "best_parameters": {
        "n_estimators": 200,
        "max_depth": 20,
        "min_samples_split": 2,
        "min_samples_leaf": 1,
        "max_features": "sqrt",
        "random_state": 42,
        "n_jobs": -1
    },
    "performance_metrics": {
        "accuracy": 0.9529339853300733,
        "precision": 0.9683944374209861,
        "recall": 0.9364303178484108,
        "f1_score": 0.9521441889372281,
        "roc_auc": 0.9900989951040464
    },
    "training_time_seconds": 0.34632015228271484
}