{
  "XGBoost": {
    "cv_f1_mean": 0.9644549167154983,
    "cv_f1_std": 0.002339433467625232,
    "train_accuracy": 0.9747227658186562,
    "train_precision": 0.9816346790205163,
    "train_recall": 0.9675472928897586,
    "train_f1": 0.9745400788436268
  },
  "RandomForest": {
    "cv_f1_mean": 0.9622096876770136,
    "cv_f1_std": 0.0031712133633518156,
    "train_accuracy": 0.9710534898891063,
    "train_precision": 0.978307666832257,
    "train_recall": 0.9634703196347032,
    "train_f1": 0.9708323063018651
  },
  "SVM": {
    "cv_f1_mean": 0.922552795479479,
    "cv_f1_std": 0.0036871713679921484,
    "train_accuracy": 0.9271852576647097,
    "train_precision": 0.9394396913269586,
    "train_recall": 0.91324200913242,
    "train_f1": 0.92615562722236
  },
  "MLP": {
    "cv_f1_mean": 0.9432400507242772,
    "cv_f1_std": 0.003007670267934363,
    "train_accuracy": 0.9470401174168297,
    "train_precision": 0.9525381758151052,
    "train_recall": 0.9409654272667971,
    "train_f1": 0.9467164362771238
  },
  "LogisticRegression": {
    "cv_f1_mean": 0.8627389660964638,
    "cv_f1_std": 0.005742074926550141,
    "train_accuracy": 0.8676206784083497,
    "train_precision": 0.8983125717819596,
    "train_recall": 0.8290932811480757,
    "train_f1": 0.8623160751388712
  }
}