{
  "XGBoost_SHAP_vs_XGBoost_LIME": {
    "correlation": 0.8858977269881227,
    "p_value": 0.0006447854833367108,
    "significant": 