{
    "model_name": "Logistic Regression",
    "training_date": "2025-09-17 12:38:42.429951",
    "best_parameters": {
        "C": 100.0,
        "max_iter": 1000,
        "penalty": "l2",
        "solver": "liblinear",
        "random_state": 42
    },
    "performance_metrics": {
        "accuracy": 0.7817848410757946,
        "precision": 0.7708578143360753,
        "recall": 0.8019559902200489,
        "f1_score": 0.7860994607549431,
        "roc_auc": 0.8530384502722962,
        "cv_f1_score": 0.782460443098474
    },
    "training_time_seconds": 0.009560823440551758,
    "tuning_time_seconds": 1.7432811260223389,
    "feature_scaling": "StandardScaler applied"
}