feature,importance
dmean,0.07491418738192702
sload,0.06988381183796318
proto,0.06687818733001098
dload,0.06643776736743366
sbytes,0.06592931835161277
tcprtt,0.05834429112941112
rate,0.04874386576246147
dur,0.03321321064145233
stcpb,0.022170879679297505
dtcpb,0.012595619768628724
