{
  "rate": 0.20615990863698141,
  "sload": 0.06176253929988869,
  "sbytes": 0.06283867503478156,
  "dload": 0.03532143837078278,
  "proto": 0.2642443501339397,
  "dtcpb": 0.023291105028523374,
  "stcpb": 0.02038889859874695,
  "dmean": 0.023992337664258227,
  "tcprtt": 0.152301539530026,
  "dur": 0.1496992077020712
}