{
  "rf_lime_vs_rf_shap": {
    "correlation": 0.17549095116943172,
    "lime_top_feature": [
      "proto",
      0.2642443501339397
    ],
    "shap_top_feature": [
      "dmean",
      0.14431242506206418
    ]
  },
  "rf_lime_vs_xgb_lime": {
    "correlation": 0.729499745011227,
    "rf_lime_top_feature": [
      "proto",
      0.2642443501339397
    ],
    "xgb_lime_top_feature": [
      "proto",
      0.43988411986459647
    ]
  }
}