feature,importance
proto,0.2642443501339397
rate,0.20615990863698141
tcprtt,0.152301539530026
dur,0.1496992077020712
sbytes,0.06283867503478156
sload,0.06176253929988869
dload,0.03532143837078278
dmean,0.023992337664258227
dtcpb,0.023291105028523374
stcpb,0.02038889859874695
