{
  "overall_accuracy": 1.0,
  "average_confidence": 0.5396152221236737,
  "normal_traffic_confidence": 0.07923044424734757,
  "attack_traffic_confidence": 1.0,
  "total_samples_analyzed": 14,
  "correct_predictions": 14,
  "analysis_timestamp": "2025-09-17T15:28:27.762671"
}